{"name":"1ae8ca44-d7f3-409e-996d-041066758eda","id":"/providers/Microsoft.Flow/flows/1ae8ca44-d7f3-409e-996d-041066758eda","type":"Microsoft.Flow/flows","properties":{"apiId":"/providers/Microsoft.PowerApps/apis/shared_logicflows","displayName":"SCP-BusinessRules-GET-Deal-Eligibility","definition":{"metadata":{"workflowEntityId":null,"flowclientsuspensionreason":"None","flowclientsuspensiontime":null,"creator":{"id":"d8ee58b4-901d-426e-8529-79fb13575fe0","type":"User","tenantId":""},"provisioningMethod":"FromDefinition","failureAlertSubscription":true,"clientLastModifiedTime":"2020-07-30T15:29:45.4485629Z"},"$schema":"https://schema.management.azure.com/providers/Microsoft.Logic/schemas/2016-06-01/workflowdefinition.json#","contentVersion":"1.0.0.0","parameters":{"$authentication":{"defaultValue":{},"type":"SecureObject"}},"triggers":{"manual":{"type":"Request","kind":"PowerApp","inputs":{"schema":{"type":"object","properties":{"HTTP2_Körper":{"type":"any","description":"Anforderungsinhalt eingeben. Dieser Parameter wird verwendet als Teil von \"11F54869-1C83-414A-988D-53A6FF869235\"","x-ms-powerflows-param-ispartial":true}},"required":["HTTP2_Körper"]}}}},"actions":{"HTTP":{"runAfter":{},"type":"Http","inputs":{"method":"POST","uri":"https://658fa002trial.authentication.us10.hana.ondemand.com/oauth/token","headers":{"Content-Type":"application/x-www-form-urlencoded"},"body":"grant_type=password&response_type=token&username=<<<user name>>>&password=<<<password or user Azure key vault>>>","authentication":{"type":"Basic","username":"sb-clone-<<<********>>>|bpmrulebroker!b2018","password":"<<<password>>>"}},"runtimeConfiguration":{"secureData":{"properties":["inputs","outputs"]}}},"JSON_analysieren":{"runAfter":{"HTTP":["Succeeded"]},"type":"ParseJson","inputs":{"content":"@body('HTTP')","schema":{"type":"object","properties":{"access_token":{"type":"string"},"token_type":{"type":"string"},"id_token":{"type":"string"},"refresh_token":{"type":"string"},"expires_in":{"type":"integer"},"scope":{"type":"string"},"jti":{"type":"string"}}}}},"Auf_eine_PowerApp_oder_einen_Flow_antworten":{"runAfter":{"Apply_to_each":["Succeeded"]},"type":"Response","kind":"PowerApp","inputs":{"statusCode":200,"body":{"c":"@variables('dealBoolean')","bonus":"@variables('currentThreshold')"},"schema":{"type":"object","properties":{"c":{"title":"c","x-ms-dynamically-added":true,"type":"string"},"bonus":{"title":"bonus","x-ms-dynamically-added":true,"type":"string"}}}}},"Variable_initialisieren":{"runAfter":{"JSON_analysieren":["Succeeded"]},"type":"InitializeVariable","inputs":{"variables":[{"name":"dealBoolean","type":"string"}]}},"Parse_JSON":{"runAfter":{"Get_bonus_threshold_for_product":["Succeeded"]},"type":"ParseJson","inputs":{"content":"@body('Get_bonus_threshold_for_product')","schema":{"type":"object","properties":{"Result":{"type":"array","items":{"type":"object","properties":{"DealBonus":{"type":"object","properties":{"threshold":{"type":"integer"}}}},"required":["DealBonus"]}}}}}},"Apply_to_each":{"foreach":"@body('Parse_JSON')?['Result']","actions":{"JSON_analysieren_2":{"runAfter":{"Get_deal_eligibility":["Succeeded"]},"type":"ParseJson","inputs":{"content":"@body('Get_deal_eligibility')","schema":{"type":"object","properties":{"Result":{"type":"array","items":{"type":"object","properties":{"DealEligibilty":{"type":"object","properties":{"Eligibilty":{"type":"string"}}}},"required":["DealEligibilty"]}}}}}},"Apply_to_each_2":{"foreach":"@body('JSON_analysieren_2')?['Result']","actions":{"Variable_festlegen":{"runAfter":{},"type":"SetVariable","inputs":{"name":"dealBoolean","value":"@items('Apply_to_each_2')?['DealEligibilty']?['Eligibilty']"}},"Set_variable":{"runAfter":{"Variable_festlegen":["Succeeded"]},"type":"SetVariable","inputs":{"name":"currentThreshold","value":"@{items('Apply_to_each')?['DealBonus']?['threshold']}"}}},"runAfter":{"JSON_analysieren_2":["Succeeded"]},"type":"Foreach"},"Get_deal_eligibility":{"runAfter":{},"type":"Http","inputs":{"method":"POST","uri":"https://bpmruleruntime.cfapps.us10.hana.ondemand.com/rules-service/rest/v2/workingset-rule-services","headers":{"Content-Type":"application/json","Authorization":"Bearer @{body('JSON_analysieren')?['access_token']}"},"body":{"RuleServiceId":"2d4d1521a07246c0a00dd5db748505bc","Vocabulary":[{"Deal":{"TotalAmount":"@triggerBody()['HTTP2_Körper']"},"DealBonus":{"threshold":"@{items('Apply_to_each')?['DealBonus']?['threshold']}"}}]}}}},"runAfter":{"Parse_JSON":["Succeeded"]},"type":"Foreach"},"Initialize_variable":{"runAfter":{"Variable_initialisieren":["Succeeded"]},"type":"InitializeVariable","inputs":{"variables":[{"name":"currentThreshold","type":"string"}]}},"Get_bonus_threshold_for_product":{"runAfter":{"Initialize_variable":["Succeeded"]},"type":"Http","inputs":{"method":"POST","uri":"https://bpmruleruntime.cfapps.us10.hana.ondemand.com/rules-service/rest/v2/workingset-rule-services","headers":{"Authorization":"Bearer @{body('JSON_analysieren')?['access_token']}"},"body":{"RuleServiceId":"b7fb74c5fce74cfab9250a2319ea6a4b","Vocabulary":[{"Deal":{"ID":"HT-1502"}}]}}}}},"connectionReferences":{},"flowFailureAlertSubscribed":false}}