{"name":"0c5b45af-dc4a-4dcd-b8cd-1e5667e04daa","id":"/providers/Microsoft.Flow/flows/0c5b45af-dc4a-4dcd-b8cd-1e5667e04daa","type":"Microsoft.Flow/flows","properties":{"apiId":"/providers/Microsoft.PowerApps/apis/shared_logicflows","displayName":"GenerateQuoteEmail","definition":{"metadata":{"workflowEntityId":null,"flowclientsuspensionreason":"None","flowclientsuspensiontime":null,"creator":{"id":"d8ee58b4-901d-426e-8529-79fb13575fe0","type":"User","tenantId":""},"provisioningMethod":"FromDefinition","failureAlertSubscription":true,"clientLastModifiedTime":"2020-07-30T13:59:34.5235577Z"},"$schema":"https://schema.management.azure.com/providers/Microsoft.Logic/schemas/2016-06-01/workflowdefinition.json#","contentVersion":"1.0.0.0","parameters":{"$connections":{"defaultValue":{},"type":"Object"},"$authentication":{"defaultValue":{},"type":"SecureObject"}},"triggers":{"manual":{"type":"Request","kind":"PowerApp","inputs":{"schema":{"type":"object","properties":{"E-Mailsenden(V2)_An":{"type":"string","format":"email","description":"Geben Sie die E-Mail-Adressen getrennt durch ein Semikolon an. Beispiel: jemand@contoso.com","x-ms-powerflows-param-ispartial":false},"E-Mailsenden(V2)_Text":{"type":"string","format":"html","description":"Geben Sie den Text der E-Mail an.. Dieser Parameter wird verwendet als Teil von \"C4773409-BBB6-4F71-9418-D2ED849C4E10\"","x-ms-powerflows-param-ispartial":true},"Initializevariable2_Value":{"type":"any"}},"required":["E-Mailsenden(V2)_An","E-Mailsenden(V2)_Text","Initializevariable2_Value"]}}}},"actions":{"Remember_bonus_threshold":{"runAfter":{},"type":"InitializeVariable","inputs":{"variables":[{"name":"currentBonusThreshold","type":"string","value":"@{triggerBody()['Initializevariable2_Value']}"}]}},"Get_CSRF_Token":{"runAfter":{"Remember_bonus_threshold":["Succeeded"]},"type":"Http","inputs":{"method":"GET","uri":"https://sapes5.sapdevcenter.com/sap/opu/odata/iwbep/GWSAMPLE_BASIC/ProductSet('HT-1502')","headers":{"X-CSRF-Token":"Fetch"},"authentication":{"type":"Basic","username":"","password":""}}},"Create_Sales_Order":{"runAfter":{"Update_Product_from_PowerApp_Input":["Succeeded"]},"type":"Http","inputs":{"method":"POST","uri":"https://sapes5.sapdevcenter.com/sap/opu/odata/sap/SEPMRA_SHOP/AddProductToShoppingCart?ProductId='HT-1502'","headers":{"x-csrf-token":"@{outputs('Get_CSRF_Token')['headers']?['x-csrf-token']}"},"cookie":"@{replace(outputs('Get_CSRF_Token')?['headers']?['Set-Cookie'],',',';')}"}},"Send_E-Mail_(V2)":{"runAfter":{"Create_Sales_Order":["Succeeded"]},"type":"OpenApiConnection","inputs":{"host":{"apiId":"/providers/Microsoft.PowerApps/apis/shared_office365","connectionName":"shared_office365","operationId":"SendEmailV2"},"parameters":{"emailMessage/To":"@triggerBody()['E-Mailsenden(V2)_An']","emailMessage/Subject":"New Quote for Server Power Pro","emailMessage/Body":"<p>As agreed you just got a quote for our marvelous <b>Server Power Pro X</b>:</p><br>\n<br>\n<img src=\"<<<url to image source of HT-1502>>>\" width=\"100\" height=\"89\">\n<br>\nOffer &nbsp;@{triggerBody()['E-Mailsenden(V2)_Text']} EUR</p>"},"authentication":{"value":"@json(decodeBase64(triggerOutputs().headers['X-MS-APIM-Tokens']))['$ConnectionKey']","type":"Raw"}}},"Notify_PowerApp_about_successful_EMail":{"runAfter":{"Send_E-Mail_(V2)":["Succeeded"]},"type":"Response","kind":"PowerApp","inputs":{"statusCode":200,"body":{"send":true},"schema":{"type":"object","properties":{"send":{"title":"send","x-ms-dynamically-added":true,"type":"boolean"}}}}},"Is_deal_value_close_to_bonus_threshold":{"actions":{"Post_Adaptive_Card_to_manager_channel":{"runAfter":{},"type":"OpenApiConnectionWebhook","inputs":{"host":{"apiId":"/providers/Microsoft.PowerApps/apis/shared_teams","connectionName":"shared_teams","operationId":"SubscribeChannelFlowContinuation"},"parameters":{"groupId":"d699ae0a-39e2-41d1-89ff-535c94e117d1","ChannelFlowContinuationSubscriptionRequest/body/recipient/channelId":"19:0a28e747cf1545c7807fe7eb09814bfb@thread.tacv2","ChannelFlowContinuationSubscriptionRequest/body/messageBody":"{\n    \"type\": \"AdaptiveCard\",\n    \"body\": [\n        {\n            \"type\": \"TextBlock\",\n            \"size\": \"Medium\",\n            \"weight\": \"Bolder\",\n            \"text\": \"Adjust business rule for bonus?\"\n        },\n        {\n            \"type\": \"ColumnSet\",\n            \"columns\": [\n                {\n                    \"type\": \"Column\",\n                    \"items\": [\n                        {\n                            \"type\": \"Image\",\n                            \"style\": \"Person\",\n                            \"url\": \"https://pbs.twimg.com/profile_images/3647943215/d7f12830b3c17a5a9e4afcc370e3a37e_400x400.jpeg\",\n                            \"size\": \"Small\"\n                        }\n                    ],\n                    \"width\": \"auto\"\n                },\n                {\n                    \"type\": \"Column\",\n                    \"items\": [\n                        {\n                            \"type\": \"TextBlock\",\n                            \"weight\": \"Bolder\",\n                            \"text\": \"Martin Pankraz\",\n                            \"wrap\": true\n                        },\n                        {\n                            \"type\": \"TextBlock\",\n                            \"spacing\": \"None\",\n                            \"text\": \"Created @{formatDateTime(utcNow(),'dd.MM.yyyy HH:mm:ss')}\",\n                            \"isSubtle\": true,\n                            \"wrap\": true\n                        }\n                    ],\n                    \"width\": \"stretch\"\n                }\n            ]\n        },\n        {\n            \"type\": \"TextBlock\",\n            \"text\": \"A quote close to the bonus threshold (@{variables('currentBonusThreshold')} Eur) has just been send. Do you want to adjust the business rule in SAP Cloud Platform?\",\n            \"wrap\": true\n        },\n        {\n            \"type\": \"FactSet\",\n            \"facts\": [\n                {\n                    \"title\": \"Server Power Pro\",\n                    \"value\": \"@{triggerBody()['E-Mailsenden(V2)_Text']} €\"\n                }\n            ]\n        },\n        {\n            \"type\": \"Input.Number\",\n            \"placeholder\": \"type new bonus threshold\",\n            \"id\": \"myInput\",\n            \"value\": @{triggerBody()['E-Mailsenden(V2)_Text']},\n            \"$data\": \"\"\n        },\n        {\n            \"type\": \"ActionSet\",\n            \"actions\": [\n                {\n                    \"type\": \"Action.Submit\",\n                    \"title\": \"Update Rule\",\n                    \"data\": {\n                        \"id\": \"updateButtonClicked\"\n                    }\n                },\n                {\n                    \"type\": \"Action.Submit\",\n                    \"title\": \"Keep as is\",\n                    \"data\": {\n                        \"id\": \"KeepButtonClicked\"\n                    }\n                }\n            ]\n        }\n    ],\n    \"$schema\": \"http://adaptivecards.io/schemas/adaptive-card.json\",\n    \"version\": \"1.2\"\n}","ChannelFlowContinuationSubscriptionRequest/body/updateMessage":"Thank you for influencing the business!","ChannelFlowContinuationSubscriptionRequest/body/shouldUpdateCard":true},"authentication":{"value":"@json(decodeBase64(triggerOutputs().headers['X-MS-APIM-Tokens']))['$ConnectionKey']","type":"Raw"}}},"Parse_Response_From_Teams":{"runAfter":{"Post_Adaptive_Card_to_manager_channel":["Succeeded"]},"type":"ParseJson","inputs":{"content":"@outputs('Post_Adaptive_Card_to_manager_channel')?['body']","schema":{"type":"object","properties":{"responseTime":{"type":"string"},"responder":{"type":"object","properties":{"objectId":{"type":"string"},"tenantId":{"type":"string"},"email":{"type":"string"},"userPrincipalName":{"type":"string"},"displayName":{"type":"string"}}},"submitActionId":{"type":"string"},"data":{"type":"object","properties":{"myInput":{"type":"string"},"id":{"type":"string"}}}}}}},"Did_manager_click_update_button":{"actions":{"Call_SCP_Biz_Rule_Update_Flow":{"runAfter":{},"type":"Http","inputs":{"method":"POST","uri":"<<<URL to Update Flow>>>","headers":{"Content-Type":"application/json"},"body":{"newSize":"@body('Parse_Response_From_Teams')?['data']?['myInput']"}}},"Post_adaptive_card_to_Sales_Agent_channel":{"runAfter":{"Call_SCP_Biz_Rule_Update_Flow":["Succeeded"]},"type":"OpenApiConnection","inputs":{"host":{"apiId":"/providers/Microsoft.PowerApps/apis/shared_teams","connectionName":"shared_teams","operationId":"PostChannelAdaptiveCard"},"parameters":{"groupId":"d699ae0a-39e2-41d1-89ff-535c94e117d1","PostAdaptiveCardRequest/recipient/channelId":"19:3afa598a5b6c4e399d2f17beda981ab7@thread.tacv2","PostAdaptiveCardRequest/messageBody":"{ \n    \"$schema\": \"http://adaptivecards.io/schemas/adaptive-card.json\",\n    \"type\": \"AdaptiveCard\",\n    \"version\": \"1.2\",\n    \"body\": [\n        {\n            \"type\": \"ColumnSet\",\n            \"columns\": [\n                {\n                    \"type\": \"Column\",\n                    \"width\": 2,\n                    \"items\": [\n                        {\n                            \"type\": \"TextBlock\",\n                            \"text\": \"live Bonus update\",\n                            \"weight\": \"Bolder\",\n                            \"size\": \"ExtraLarge\",\n                            \"spacing\": \"None\"\n                        },\n                        {\n                            \"type\": \"TextBlock\",\n                            \"text\": \"**Management** just updated the bonus threshold from @{variables('currentBonusThreshold')} to @{body('Parse_Response_From_Teams')?['data']?['myInput']} EUR\",\n                            \"size\": \"Small\",\n                            \"wrap\": true,\n                            \"maxLines\": 3\n                        }\n                    ]\n                },\n                {\n                    \"type\": \"Column\",\n                    \"width\": 1,\n                    \"items\": [\n                        {\n                            \"type\": \"Image\",\n                            \"url\": \"<<<url to image of HT-1502>>>\",\n                            \"size\": \"auto\"\n                        }\n                    ]\n                }\n            ]\n        }\n    ],\n    \"actions\": [\n        {\n            \"type\": \"Action.OpenUrl\",\n            \"title\": \"Go to Deal\",\n            \"url\": \"<<<url to powerapp>>>\"\n        }\n    ]\n}"},"authentication":{"value":"@json(decodeBase64(triggerOutputs().headers['X-MS-APIM-Tokens']))['$ConnectionKey']","type":"Raw"}}}},"runAfter":{"Parse_Response_From_Teams":["Succeeded"]},"expression":{"equals":["@body('Parse_Response_From_Teams')?['data']?['id']","updateButtonClicked"]},"type":"If"}},"runAfter":{"Notify_PowerApp_about_successful_EMail":["Succeeded"]},"expression":{"or":[{"and":[{"less":["@int(triggerBody()['E-Mailsenden(V2)_Text'])","@int(variables('currentBonusThreshold'))"]},{"greaterOrEquals":["@int(triggerBody()['E-Mailsenden(V2)_Text'])","@mul(int(variables('currentBonusThreshold')),0.8)"]}]},{"and":[{"greaterOrEquals":["@int(triggerBody()['E-Mailsenden(V2)_Text'])","@int(variables('currentBonusThreshold'))"]},{"lessOrEquals":["@int(triggerBody()['E-Mailsenden(V2)_Text'])","@mul(int(variables('currentBonusThreshold')),1.2)"]}]}]},"type":"If"},"Update_Product_from_PowerApp_Input":{"runAfter":{"Get_CSRF_Token":["Succeeded"]},"type":"Http","inputs":{"method":"PATCH","uri":"https://sapes5.sapdevcenter.com/sap/opu/odata/iwbep/GWSAMPLE_BASIC/ProductSet('HT-1502')","headers":{"x-csrf-token":"@{outputs('Get_CSRF_Token')['headers']?['x-csrf-token']}","If-Match":"@{outputs('Get_CSRF_Token')['headers']?['etag']}"},"cookie":"@{replace(outputs('Get_CSRF_Token')?['headers']?['Set-Cookie'],',',';')}","body":{"ProductID":"HT-1502","Price":"@{triggerBody()['E-Mailsenden(V2)_Text']}.00","CurrencyCode":"EUR"}}}}},"connectionReferences":{"shared_office365":{"connectionName":"shared-office365-b744a97c-552e-4464-979c-a55accdf8342","source":"Invoker","id":"/providers/Microsoft.PowerApps/apis/shared_office365","tier":"NotSpecified"},"shared_teams":{"connectionName":"shared-teams-7c3bc982-6b9b-4a32-a576-1bade8f627c3","source":"Invoker","id":"/providers/Microsoft.PowerApps/apis/shared_teams","tier":"NotSpecified"}},"flowFailureAlertSubscribed":false}}