{"name":"d5159bc1-3a16-45b6-ac11-16a398e8e894","id":"/providers/Microsoft.Flow/flows/d5159bc1-3a16-45b6-ac11-16a398e8e894","type":"Microsoft.Flow/flows","properties":{"apiId":"/providers/Microsoft.PowerApps/apis/shared_logicflows","displayName":"UpdateCommissionOnSCPBizRules","definition":{"metadata":{"workflowEntityId":null,"flowclientsuspensionreason":"None","flowclientsuspensiontime":null,"creator":{"id":"d8ee58b4-901d-426e-8529-79fb13575fe0","type":"User","tenantId":""},"provisioningMethod":"FromDefinition","failureAlertSubscription":true,"clientLastModifiedTime":"2020-07-30T17:54:55.6614442Z"},"$schema":"https://schema.management.azure.com/providers/Microsoft.Logic/schemas/2016-06-01/workflowdefinition.json#","contentVersion":"1.0.0.0","parameters":{"$authentication":{"defaultValue":{},"type":"SecureObject"}},"triggers":{"manual":{"type":"Request","kind":"Http","inputs":{"schema":{"type":"object","properties":{"newSize":{"type":"string"}}},"method":"POST"}}},"actions":{"Get_csrf_token":{"runAfter":{},"type":"Http","inputs":{"method":"POST","uri":"https://<<<cf tenant>>>.authentication.us10.hana.ondemand.com/oauth/token","headers":{"Content-Type":"application/x-www-form-urlencoded","Authorization":"Basic <<<basic token>>>"},"body":"grant_type=password&response_type=token&username=<<<user name>>>&password=<<<password or use azure key vault>>>"},"runtimeConfiguration":{"secureData":{"properties":["inputs","outputs"]}}},"JSON_analysieren":{"runAfter":{"Get_csrf_token":["Succeeded"]},"type":"ParseJson","inputs":{"content":"@body('Get_csrf_token')","schema":{"type":"object","properties":{"access_token":{"type":"string"},"token_type":{"type":"string"},"id_token":{"type":"string"},"refresh_token":{"type":"string"},"expires_in":{"type":"integer"},"scope":{"type":"string"},"jti":{"type":"string"}}}}},"Update_Business_Rule":{"runAfter":{"JSON_analysieren":["Succeeded"]},"type":"Http","inputs":{"method":"PUT","uri":"https://bpmrulerepository.cfapps.us10.hana.ondemand.com/rules-service/rest/v1/projects/1d309c74223641b8ae49d25ef8929b2a/rules/1d75a06dea3149f7bddf73de7e243ad9","headers":{"Content-Type":"application/json","Authorization":"Bearer @{body('JSON_analysieren')?['access_token']}"},"body":{"Id":"1d75a06dea3149f7bddf73de7e243ad9","Name":"DealBonusRule","Description":[{"Language":"","Text":"Rule to determine current bonus threshold per product"},{"Language":"de","Text":"Rule to determine current bonus threshold per product"}],"Label":[{"Language":"","Text":"Deal Bonus Rule"},{"Language":"de","Text":"Deal Bonus Rule"}],"ChangedOn":"2020-06-26T12:04:55.155Z","ChangedBy":"mapankra@microsoft.com","Project":"1d309c74223641b8ae49d25ef8929b2a","Type":"DT","Result":{"ObjectId":"ad3cdfe15ec14754a6f3ba2336175004"},"DecisionTable":{"HitPolicy":"SHF","Column":[{"Id":"1","SequenceNumber":1,"Description":[{"Language":"","Text":""}],"Type":"C","Condition":{"Expression":"","AST":[{"Id":"1","Root":true,"Reference":"/019ed7e117554c40855950b3250e7539/b8d7b289f84946ee908e1bbe617d34fa"}],"ValueOnly":false,"FixedOperator":"IsEqual"}},{"Id":"2","SequenceNumber":2,"Description":[],"Type":"R","Result":{"Segment":"aff8c3e319a14fa98aee5833f077ba67","Cell":{"Mode":"E","FixedExpression":null,"AST":[{"Id":"1","Root":true,"Value":"@{triggerBody()?['newSize']}","Output":{"DataObjectType":"E","BusinessDataType":"N"}}]}}}],"Row":[{"Id":"1","SequenceNumber":1}],"Cell":[{"ColumnId":"2","RowId":"1","Expression":"","AST":[{"Id":"1","Root":true,"Value":"@{triggerBody()?['newSize']}","Output":{"DataObjectType":"E","BusinessDataType":"N"}}]},{"ColumnId":"1","RowId":"1","Expression":"","AST":[{"Id":"3","Value":"HT-1502","Output":{"DataObjectType":"E","BusinessDataType":"S"}},{"Id":"2","Placeholder":true},{"Id":"1","Root":true,"Placeholder":true,"Children":[{"Id":"2","SequenceNumber":1},{"Id":"3","SequenceNumber":2}]}]}]}}}},"Activate_SCP_rules_after_update":{"runAfter":{"Update_Business_Rule":["Succeeded"]},"type":"Http","inputs":{"method":"PUT","uri":"https://bpmrulerepository.cfapps.us10.hana.ondemand.com/rules-service/rest/v1/projects/1d309c74223641b8ae49d25ef8929b2a/activation","headers":{"Authorization":"Bearer @{body('JSON_analysieren')?['access_token']}"}}},"Deploy_updated_rule_service":{"runAfter":{"Activate_SCP_rules_after_update":["Succeeded"]},"type":"Http","inputs":{"method":"POST","uri":"https://bpmruleruntime.cfapps.us10.hana.ondemand.com/rules-service/rest/v2/workingset-rule-definitions","headers":{"Authorization":"Bearer @{body('JSON_analysieren')?['access_token']}","Content-Type":"application/json"},"body":{"RuleServiceId":"b7fb74c5fce74cfab9250a2319ea6a4b"}}},"Deploy_dependant_service":{"runAfter":{"Deploy_updated_rule_service":["Succeeded"]},"type":"Http","inputs":{"method":"POST","uri":"https://bpmruleruntime.cfapps.us10.hana.ondemand.com/rules-service/rest/v2/workingset-rule-definitions","headers":{"Authorization":"Bearer @{body('JSON_analysieren')?['access_token']}","Content-Type":"application/json"},"body":{"RuleServiceId":"2d4d1521a07246c0a00dd5db748505bc"}}}}},"connectionReferences":{},"flowFailureAlertSubscribed":false}}